,0_RfR 0,0_RfR 1,0_RfR 2,1_RfR 0,1_RfR 1,1_RfR 2,2_RfR 0,2_RfR 1,2_RfR 2,3_RfR 0,3_RfR 1,3_RfR 2,4_RfR 0,4_RfR 1,4_RfR 2,EWS_DaysToThreat,A.1_DikeIncrease 0,A.1_DikeIncrease 1,A.1_DikeIncrease 2,A.2_DikeIncrease 0,A.2_DikeIncrease 1,A.2_DikeIncrease 2,A.3_DikeIncrease 0,A.3_DikeIncrease 1,A.3_DikeIncrease 2,A.4_DikeIncrease 0,A.4_DikeIncrease 1,A.4_DikeIncrease 2,A.5_DikeIncrease 0,A.5_DikeIncrease 1,A.5_DikeIncrease 2,A.1 Total Costs,A.1_Expected Number of Deaths,A.2 Total Costs,A.2_Expected Number of Deaths,A.3 Total Costs,A.3_Expected Number of Deaths,A.4 Total Costs,A.4_Expected Number of Deaths,A.5 Total Costs,A.5_Expected Number of Deaths,RfR Total Costs,Expected Evacuation Costs,sum_deaths,sum_costs
0,1,1,0,1,0,1,0,1,1,1,0,0,0,0,0,4,4,7,3,1,7,3,2,6,1,4,0,2,0,7,6,186991155.56034988,0.0,189385932.81814665,0.0006955758360975856,82308580.90047325,0.0,18081997.288140487,0.0,138092701.4658232,0.0022121120535495745,787400000.0,1890.5439269405063,0.00290768788964716,614860368.0329335
1,0,0,1,0,0,1,0,0,1,0,0,0,0,0,1,0,0,3,0,9,8,5,4,0,2,7,7,9,9,8,7,42291505.65437629,0.0,305147729.6594586,0.0,51760044.33566119,0.0,61346985.9460107,0.0,196930117.12676758,0.0,589200000.0,0.0,0.0,657476382.7222743
2,0,0,0,0,1,0,0,0,0,1,0,0,0,0,1,0,7,2,4,0,3,1,8,4,0,10,9,4,2,4,5,180016033.32081586,0.0,125032878.21626262,0.015782683731902822,71831046.38693634,0.0,64131415.295668796,0.0,108144094.08165935,0.0,595100000.0,0.0,0.015782683731902822,549155467.301343
3,0,0,0,0,0,0,1,0,0,0,1,1,0,0,0,4,6,1,4,1,6,3,0,8,6,3,2,5,0,5,10,161250294.9980649,0.0,179897084.27107456,0.0007059964599231681,102462179.37159684,0.002462248803199091,29656749.941971824,0.0,107504292.22396694,0.00010280712063642047,273100000.0,1044.9511703778596,0.0032710523837586793,580770600.8066751
4,0,1,1,1,0,0,0,1,1,0,0,1,0,0,1,1,4,10,4,2,4,3,4,0,9,9,6,8,9,0,0,233223561.90757343,0.0,159621441.10360894,0.0002009734693489354,72854053.84616798,0.0,61840409.117942214,0.0,53114002.716882035,0.0,825700000.0,14.935500288126846,0.0002009734693489354,580653468.6921746
5,1,0,1,0,1,0,1,0,0,1,1,1,0,1,0,0,1,2,0,2,4,6,7,9,2,4,3,2,8,6,1,71223146.50296113,0.0,183872270.21119425,0.0014684235314085558,123547522.59256081,0.0,28640895.65434783,0.0,141232934.41156512,0.0,1037400000.0,0.0,0.0014684235314085558,548516769.3726292
6,0,0,1,0,0,1,0,1,1,1,1,0,0,0,0,1,1,3,6,10,1,0,0,1,3,8,7,10,1,2,2,145883058.26646656,0.0,153043288.8271728,0.0,68969539.18716884,0.007137501597496286,68511562.29584858,0.0,84060866.18310496,0.0,606200000.0,244.93588199184575,0.007137501597496286,520468314.7597618
7,1,1,1,0,1,0,0,0,0,1,0,1,1,1,1,2,4,0,4,5,0,0,7,7,5,2,6,4,7,7,10,102578836.07266891,0.0,59410102.93073928,0.0,123613076.33425403,0.0,33478544.815998152,0.0,193224964.59681654,0.0,1482300000.0,0.0,0.0,512305524.7504769
8,1,0,0,1,1,1,1,1,0,1,1,0,1,1,1,1,9,8,8,0,5,0,1,4,0,7,9,1,3,5,8,323583998.29585165,0.0,72067636.71669954,0.0020658862606415932,47604893.24040605,0.0,48037384.752243474,0.0,134327550.9175649,0.0,1810100000.0,157.64606415647404,0.0020658862606415932,625621463.9227656
9,1,0,0,0,0,0,0,1,1,1,1,0,0,0,0,1,2,2,10,0,1,8,10,9,1,1,1,2,10,10,3,185888538.1074085,0.0,147614919.316624,0.0041317725212831865,139476515.2745092,0.0,21226595.157682188,4.6934820163776095e-05,199018285.1620927,0.0,388400000.0,323.62947824500884,0.004178707341446963,693224853.0183165
10,1,1,0,0,0,0,0,0,0,0,1,1,1,1,1,1,7,7,0,2,2,0,1,8,6,0,1,5,2,1,9,154345864.93625224,0.0,101598151.06124751,0.002170092498897415,125766468.89919162,0.0075680153638525375,18043384.2995819,2.1885860130001862e-05,113102794.72276282,0.0,1179900000.0,411.49312413240233,0.009759993722879954,512856663.9190361
11,0,1,1,0,1,0,1,0,0,0,1,0,0,1,1,0,6,4,2,2,3,0,4,2,3,4,5,1,7,6,7,171385169.65261877,0.0,106873418.10779887,0.005941196187279633,81362914.63480873,0.0,30908902.6371819,0.0,163546580.1863483,0.0,1051100000.0,0.0,0.005941196187279633,554076985.2187566
12,0,0,0,0,1,0,0,1,1,0,1,0,1,1,1,0,9,5,6,1,2,0,0,5,6,10,6,8,7,0,3,255480900.94433552,0.0,95249714.37396258,0.0057964653008132135,89627427.84417437,0.019889333935494982,65573808.29715143,0.0,82593104.13074732,0.0,1168700000.0,0.0,0.025685799236308197,588524955.5903713
13,0,1,1,1,0,1,1,0,0,1,0,1,0,1,1,0,10,5,8,4,1,0,3,8,7,9,1,3,5,3,2,296933286.35729927,0.0,97105266.60422453,0.0,114961276.24318698,0.0,38525953.30603957,0.0,108663782.25626409,0.0,1390100000.0,0.0,0.0,656189564.7670144
14,1,0,1,0,1,1,0,1,1,0,1,1,0,0,0,3,7,8,2,0,0,1,5,8,1,5,3,3,0,4,0,226339324.62010977,0.0,76217723.30964482,0.002065886260641593,104322384.80529279,0.0,32129000.278980844,0.0,33377116.55719709,0.0,908600000.0,975.4350219681834,0.002065886260641593,472385549.5712253
15,0,1,0,1,0,0,1,1,1,1,1,0,0,1,0,0,1,5,6,6,3,8,0,0,4,7,7,1,1,3,5,162790738.81847763,0.0,234550536.55137444,0.0,26403379.542306438,0.0,42422238.37366619,0.0,105053527.95919287,0.002900665709229603,893000000.0,0.0,0.002900665709229603,571220421.2450175
16,0,0,0,1,1,0,1,1,1,0,1,0,1,1,0,4,3,4,0,3,7,1,0,4,5,1,2,2,1,0,8,95213987.28559849,0.0,182451541.5219873,0.0,59344433.82549998,0.0,25443642.8094026,0.00010219284800842702,134689466.4489514,0.0031260608434399745,1161100000.0,2189.8069623544698,0.0032282536914484015,497143071.8914397
17,1,0,1,0,1,0,0,0,0,0,1,1,1,0,0,2,4,2,0,2,6,6,8,6,1,5,10,4,6,0,0,90462322.17815001,0.0,212852290.83388752,0.0009042052078739231,110858755.1657072,0.0,51230893.479081534,0.0,40273672.383724004,0.0,885500000.0,266.50947949954974,0.0009042052078739231,505677934.04055023
18,1,0,0,1,1,1,0,1,1,0,1,1,0,0,0,4,7,9,3,3,0,1,7,7,0,6,0,3,1,4,8,248410761.78812402,0.0,90143923.5488522,0.0,77517373.55736606,0.0,22928006.72310114,0.0,123559367.01717979,0.0003480798851075524,1041800000.0,232.2933014980855,0.0003480798851075524,562559432.6346233
19,1,1,1,0,0,0,1,1,1,1,1,1,0,1,0,1,0,4,1,1,6,5,5,8,1,1,3,4,0,4,2,85246019.34861892,0.0,184818770.8920935,0.0005028021087192629,104322384.80529279,0.0,26152919.996159017,0.0,64922482.303728715,0.0,965600000.0,38.81969286041934,0.0005028021087192629,465462577.3458929
20,0,0,1,0,0,1,0,1,0,1,1,0,1,0,1,1,1,0,1,5,1,0,1,6,4,5,4,2,6,6,4,66507014.9338145,0.0,104651657.86617124,0.0,110188932.8563528,0.007341429171033457,32458628.27203027,0.0,139495213.52017933,0.0,1087700000.0,245.54902422961422,0.007341429171033457,453301447.4485482
21,1,0,1,0,0,1,1,0,0,1,0,0,0,0,0,2,9,6,0,3,1,4,6,3,2,1,5,7,6,5,10,167421100.05585465,0.0,151178142.27521777,0.0,90996995.1258429,0.0,39059297.575732686,0.00015378759208339857,169333032.78031355,0.0,538900000.0,94.62853667916465,0.00015378759208339857,617988567.8129616
22,1,0,0,1,1,1,0,1,1,1,1,0,0,0,0,3,4,4,2,2,0,5,1,9,1,8,8,4,10,3,4,151323299.4520034,0.0,108759365.71363117,0.0001326860925401193,90701570.38277784,0.0,53782858.46748917,0.0,152308017.8542743,0.0,1041800000.0,61.386759852685195,0.0001326860925401193,556875111.870176
23,0,0,1,0,1,0,0,0,1,1,1,1,1,1,0,1,1,2,6,6,2,3,4,2,0,0,0,3,7,5,2,138379858.76624286,0.0,181024453.14671123,0.0,51760044.33566119,0.0,9972622.472702825,0.00012457427098292492,131869191.36615518,0.0,1208900000.0,25.522904484556097,0.00012457427098292492,513006170.0874733
24,0,0,1,0,0,1,1,0,0,1,1,0,0,0,0,2,1,2,5,9,1,2,3,0,0,1,7,6,4,1,5,130919728.8845366,0.0,201659050.98047903,0.0,24198032.45136138,0.0,41133895.99018423,0.0001381596728396798,105402123.21439943,0.0,575500000.0,91.71261004925276,0.0001381596728396798,503312831.5209607
25,0,0,1,0,0,1,0,0,0,0,0,1,0,0,0,0,7,1,0,1,9,4,4,4,2,0,7,10,9,7,9,109503342.08350585,0.0,219029506.52335474,0.0060859270737460515,85609120.14060155,0.0,47908626.77921832,0.0018734694120742246,203837860.00741637,0.0,423600000.0,0.0,0.007959396485820277,665888455.5340968
26,0,1,0,1,1,0,1,1,0,0,0,1,1,1,0,1,1,5,5,5,7,6,1,1,0,9,2,6,7,3,3,154539421.81426284,0.0,244981143.34573078,0.0,43528272.04294249,0.0006825650153521711,46279698.89362045,0.0,125065178.98441488,0.0,1215000000.0,22.90084427446827,0.0006825650153521711,614393715.0809714
27,1,0,0,1,1,0,1,0,1,0,1,1,0,0,1,2,7,1,7,5,0,5,7,8,6,1,3,0,1,7,3,198655966.29970902,0.0,129688488.72986558,0.0,133368518.33047336,0.0,15935518.121881615,3.3054952011998015e-05,114469587.85065019,0.0002611456927373307,1080100000.0,119.17279209756913,0.00029420064474932874,592118079.3325797
28,0,0,1,1,0,1,0,0,0,1,0,0,1,1,0,1,1,1,0,6,7,0,6,1,1,6,7,1,6,0,3,66507014.9338145,0.0,155736187.608082,0.0,81913987.91937247,0.0,39816568.41869327,0.0,77404471.7832109,0.0,1153600000.0,0.0,0.0,421378230.6631731
29,0,0,0,1,1,0,0,1,1,0,1,0,1,0,0,4,0,2,1,3,10,6,1,4,6,1,8,2,1,3,3,72222705.9376919,0.0,260144380.8737554,0.0,86987548.24174792,0.00022822629763265089,36512895.573141225,0.00011131299061215897,93600700.38513398,0.00012792590474526214,874300000.0,273.9443576001502,0.00046746519299007203,549468231.0114704
30,0,1,0,1,1,1,1,1,1,1,1,0,0,1,0,3,1,5,5,5,0,1,0,6,3,7,8,3,6,3,4,154539421.81426284,0.0,104651657.86617124,0.0,61001668.01785916,0.0,48635211.471941546,0.0,122567126.94737372,0.0,1328600000.0,0.0,0.0,491395086.1176084
31,0,0,0,1,0,0,0,1,1,1,1,1,0,0,1,3,0,8,6,1,3,8,0,3,4,1,0,6,0,3,4,155741221.70579833,0.0,193283868.7194888,0.0006816816709968099,55610981.74085459,0.0002225892908438999,19654163.95844144,9.371339062329381e-06,67268466.33257627,0.0,898900000.0,381.45277075085033,0.0009136423009030392,491558702.45715946
32,1,0,1,1,0,0,1,0,1,0,0,1,0,0,0,3,6,1,7,1,6,0,0,3,6,6,3,1,7,4,4,186921762.1676117,0.0,119270077.93733306,0.0006955758360975856,82735761.03312883,0.0024093786915413053,31480696.535529993,0.0,134722847.9591729,0.0,569600000.0,832.078076659187,0.003104954527638891,555131145.6327765
33,0,1,1,0,0,1,1,0,0,1,1,0,1,1,0,1,3,0,4,3,0,2,10,4,2,9,5,4,0,1,2,95213987.28559849,0.0,95202239.80249318,0.0,116644870.33441648,0.0,48639723.720887154,0.0,85512523.92822559,0.004980121712043653,1172300000.0,463.60074498197173,0.004980121712043653,441213345.0716209
34,0,0,1,1,1,1,0,1,1,0,0,1,0,0,0,3,7,8,8,3,0,3,3,8,1,7,3,7,4,6,1,290969813.71654385,0.0,100759376.17493644,0.0,94813578.78887096,0.0,44913465.97050338,0.0,114479718.26030803,0.0,920600000.0,0.0,0.0,645935952.9111626
35,0,1,0,1,0,0,0,1,0,0,1,0,0,1,0,0,0,1,8,10,1,10,2,0,2,7,3,9,1,3,2,111601194.33864394,0.0,297072028.33071023,0.0,50440170.06698472,0.003932953032786395,50346299.58309312,0.0,117412656.43646389,0.012873769304827948,710400000.0,0.0,0.016806722337614342,626872348.7558959
36,0,1,1,1,1,1,0,1,0,0,1,1,0,1,1,4,7,5,2,5,6,2,0,5,3,1,0,0,5,4,2,192179322.23964384,0.0,199502185.3342409,0.0,81436512.80062716,0.0024471430570111525,6962153.3535512015,1.9131469188116165e-05,113475857.01150982,0.0,1607900000.0,615.1507992471895,0.0024662745261992687,593556030.739573
37,1,0,0,1,0,1,1,1,1,1,1,1,0,0,1,2,0,1,0,6,1,4,7,3,3,1,4,2,7,1,5,32694901.094161935,0.0,180339828.74769464,0.0,98697238.57785755,0.0,25337490.527530942,1.1714173827911727e-05,123857161.70984554,0.0,1232000000.0,8.336840705773053,1.1714173827911727e-05,460926620.65709066
38,0,1,0,1,0,0,0,0,0,0,1,0,1,1,0,0,4,4,0,3,6,1,1,8,5,0,1,2,2,1,8,102578836.07266891,0.0,173879117.17927334,0.0005852642278964392,122452319.36292066,0.021336967945172428,20208549.431247152,0.0015247884689650092,107959304.12850642,0.0,935800000.0,0.0,0.023447020642033876,527078126.1746165
39,1,0,0,0,0,0,0,0,0,0,1,0,0,0,0,4,4,1,4,1,6,3,1,6,6,4,2,5,0,5,6,141847108.73659444,0.0,180126337.99523738,0.0007303112488495263,113289436.45343709,0.0021598363955003187,31623073.954505272,0.0,121014643.82170495,0.001887832875269759,205800000.0,2180.5844416246186,0.004777980519619604,587900600.9614791
40,0,0,1,0,0,1,1,1,1,1,0,0,0,0,0,1,5,4,9,4,2,0,0,2,4,7,8,9,0,10,10,225945003.33461732,0.0,102336429.85235605,0.0,52608198.485207245,0.0006635401174401361,64676466.23393564,0.0,188017229.0297757,0.007557213028300815,515700000.0,724.7884252971465,0.008220753145740951,633583326.935892
41,1,0,1,0,0,1,1,0,0,1,1,1,0,1,0,1,0,2,4,8,1,2,5,3,0,0,0,4,4,1,2,88429031.37443781,0.0,189254776.91064662,0.0,57423135.62296812,0.0,15976868.411884628,0.0005256407402857383,94639238.49165699,0.0,1037400000.0,104.04652521240811,0.0005256407402857383,445723050.8115941
42,0,0,1,0,0,0,0,1,0,0,1,1,0,1,0,1,7,4,6,1,6,6,0,1,1,1,3,4,0,2,3,216541799.28805792,0.0,202926069.88368902,0.0021179893797695043,89400757.09106165,0.01472817558063073,26467112.01295592,2.771772608186309e-05,62047824.623025805,0.0003084213619092614,613800000.0,684.8176082737508,0.017182304048391363,597383562.8987902
43,1,0,0,1,0,1,1,1,1,1,0,1,0,0,0,4,7,7,0,6,7,1,1,3,6,0,0,3,0,0,6,154345864.93625224,0.0,214929941.12861308,0.0,81239710.74584582,0.0,15645551.745230202,0.00022105547654348764,44290379.3907364,0.00020561424127284094,854700000.0,407.782795176601,0.0004266697178163286,510451447.94667774
44,0,0,1,0,1,0,0,1,1,0,1,0,1,0,0,3,0,2,6,7,5,5,4,5,0,1,8,2,0,4,2,102192937.55533153,0.0,237392368.97149292,0.0,59344433.82549998,0.0,36538684.63456264,0.00011261146083757292,107868959.35397628,0.0022121120535495745,741100000.0,1408.6736492672928,0.0023247235143871474,543337384.3408633
45,1,1,1,1,1,1,1,1,1,1,1,0,0,1,0,2,0,4,2,1,0,2,0,7,0,6,5,4,1,5,2,90462322.17815001,0.0,107514241.77564374,0.001678152617928069,34221561.73832255,0.0,40157991.28163976,0.0,96705227.21019611,0.0,1497800000.0,518.6418165922644,0.001678152617928069,369061344.1839522
46,1,1,0,1,0,1,1,1,1,1,1,1,1,0,1,3,4,4,5,1,7,2,0,1,2,0,1,6,10,2,1,173196108.90238762,0.0,173197494.38406855,0.000167600702906421,43224599.14167526,0.0,19337348.34775413,0.0,134238770.61058277,0.0,1572700000.0,80.06561652461488,0.000167600702906421,543194321.3864684
47,1,0,1,0,0,0,1,0,0,1,1,0,0,0,0,1,2,2,5,8,1,9,1,1,0,1,1,1,10,6,5,138836457.4382795,0.0,253085473.5591602,0.0,65387379.91340262,0.007386746409597272,20837804.037436202,0.00011209754895560536,177319707.92804265,0.0,442300000.0,264.4844721665827,0.0074988439585528775,655466822.8763211
48,1,1,1,1,0,1,0,0,0,1,0,1,1,0,1,2,4,10,3,2,0,3,2,3,5,0,1,9,3,0,1,224329729.65981406,0.0,119956708.8100615,0.0018084104157478462,106577704.83490406,0.003162780826306019,25843070.67017911,2.5863855229694666e-05,58044072.09764524,0.0,1444000000.0,963.0821975087199,0.004997055097283559,534751286.072604
49,1,0,0,1,0,1,1,0,0,0,1,0,0,0,0,1,8,2,1,5,1,0,6,9,5,3,0,0,5,2,8,170794802.51155043,0.0,104651657.86617124,0.0,128749060.98480114,0.0,8453407.696608048,0.0,130614396.6263049,0.0,672100000.0,0.0,0.0,543263325.6854358
50,1,1,1,1,1,0,1,0,1,1,1,1,1,1,0,2,1,2,2,7,2,1,10,0,4,1,0,1,9,1,10,112429465.54032746,0.0,179237237.8274835,0.0,81162299.7500258,0.0,12857587.774250694,0.0,168400741.74891925,0.0,1626600000.0,0.0,0.0,554087332.6410067
51,0,0,0,0,0,1,0,1,1,1,1,0,0,0,0,2,1,2,10,1,1,3,2,8,1,1,7,5,4,3,3,176417124.61220658,0.0,142823505.63630775,0.000943714749771572,90450100.52412578,0.0,36412868.69967003,3.232019967565409e-05,106494308.34836395,0.0,521600000.0,308.796974410286,0.0009760349494472261,552597907.8206741
52,1,0,0,0,0,0,0,1,1,1,0,0,1,0,0,4,5,1,10,0,0,8,3,6,1,6,2,3,10,8,2,208998870.10833246,0.0,106723480.81099242,0.0013911516721951712,86393856.47345893,0.0,32616604.291492917,0.0,176486371.86410227,0.0,523300000.0,761.4501369993404,0.0013911516721951712,611219183.5483791
53,0,0,1,1,1,0,1,1,1,0,1,1,1,1,1,1,0,7,0,2,3,0,0,4,6,1,2,5,1,0,9,68139002.95605196,0.0,93986630.59767582,0.0,62318902.73577461,0.0,26146098.773606602,0.0,93316217.15660287,0.002088479310645314,1623000000.0,193.07495189451257,0.002088479310645314,343906852.21971184
54,0,0,0,1,1,0,0,0,1,1,1,1,1,1,0,2,1,2,1,2,3,0,1,3,6,0,3,3,6,2,3,107385518.6904647,0.0,97176148.21849187,0.00022026352971128338,83487208.17216557,0.0002870444366622985,17803345.000196747,0.0,113723473.72410369,0.0,1342100000.0,103.68531245604612,0.0005073079663735819,419575693.8054226
55,1,1,0,0,0,0,1,0,1,0,1,0,0,1,0,0,1,3,1,5,3,0,3,0,1,4,6,0,7,0,4,113829615.07026595,0.0,116004983.79615441,0.0,46650169.32145682,0.0,24092218.720461875,0.0,86420965.59927613,0.0,607900000.0,0.0,0.0,386997952.50761515
56,1,0,0,0,1,1,1,0,1,1,1,1,0,1,1,3,1,4,0,3,6,5,1,0,3,1,3,7,0,6,5,82177854.37813279,0.0,201280193.88081348,0.0,45324187.55237766,0.0,31376262.396394357,0.0,90624783.76319179,0.00028133945302943214,1457400000.0,165.70545655047735,0.00028133945302943214,450783281.9709101
57,1,0,1,0,0,0,1,1,1,0,1,1,0,0,0,3,9,2,7,1,2,0,0,5,6,3,3,4,7,3,4,234282206.39259815,0.0,95020460.64979978,0.0006712610471712276,65941184.48239788,0.0,29664045.303329118,0.0,129299005.86489625,0.0,503700000.0,322.1680931302536,0.0006712610471712276,554206902.6930212
58,0,0,0,0,0,0,0,0,0,1,0,1,1,0,0,3,7,1,6,2,6,4,5,4,2,1,7,4,0,3,1,188945475.6704826,0.0,196253318.46334654,0.0007233641662991383,90027248.5440164,0.0,34069106.92662526,9.239242027287696e-06,60052425.60115144,0.00010280712063642047,498500000.0,402.24248278428286,0.0008354105289628465,569347575.2056223
59,0,1,1,0,0,0,1,1,1,0,1,0,0,1,0,1,0,3,6,6,7,6,4,9,2,7,2,5,5,1,3,109448217.91765803,0.0,257957265.08829707,0.0,107164216.80506548,0.0,38515100.49678508,0.0,103424912.41094339,0.0,638600000.0,0.0,0.0,616509712.718749
60,0,1,1,1,0,0,1,0,0,0,0,1,0,0,0,0,6,6,5,9,3,0,0,3,7,6,3,4,1,7,4,215771944.13273668,0.0,154728075.86138678,0.0,86307703.4409441,0.02077050246312473,36046598.4426796,0.0,114411258.02531242,0.0,538900000.0,0.0,0.02077050246312473,607265579.9030595
61,0,1,0,0,1,1,1,1,0,1,1,0,1,1,0,2,1,3,6,4,0,1,1,4,1,10,5,4,7,2,2,145883058.26646656,0.0,97105266.60422453,0.0,71617663.74483383,0.0,51922044.18502923,0.0,116400603.98191449,0.0,1336200000.0,0.0,0.0,482928636.78246856
62,0,1,0,1,0,1,1,1,0,1,0,1,0,0,0,4,1,7,3,1,7,3,3,8,1,3,0,2,0,7,10,158496200.4885197,0.0,189320431.75410014,0.0006886287535471977,94813578.78887096,0.0,16563094.679399516,0.0,119804712.75489919,0.00010280712063642047,824000000.0,450.2979034875463,0.0007914358741836181,578998018.4657894
63,1,1,0,0,1,1,1,1,1,1,0,1,1,0,0,2,0,3,6,1,7,1,4,0,2,1,8,9,7,3,1,109448217.91765803,0.0,176599271.5439914,0.0008390763089640345,51760044.33566119,0.0,47845162.280305356,1.1549052534109621e-05,117628654.87407616,0.0,1195400000.0,267.6269399370352,0.0008506253614981441,503281350.9516921
64,1,0,0,0,0,0,0,1,1,1,0,0,1,0,0,4,5,1,10,0,0,8,3,9,1,1,2,3,10,8,2,208998870.10833246,0.0,106723480.81099242,0.0013911516721951712,99493932.7291793,0.0,25781899.089968145,7.426135135933626e-05,176486371.86410227,0.0,523300000.0,858.43114326321,0.0014654130235545076,617484554.6025746
65,1,0,0,0,0,0,1,0,1,1,1,1,0,0,0,4,6,10,5,1,4,3,1,8,6,4,2,5,0,4,4,269462857.5306916,0.0,162613917.25501484,0.0006816816709968099,101344174.45167941,0.0,31623073.954505272,0.0,71555540.28476302,0.0,509600000.0,377.9466152533612,0.0006816816709968099,636599563.4766542
66,0,0,0,0,0,0,0,1,1,1,0,0,0,0,0,0,4,3,9,5,1,2,0,0,3,7,3,9,1,2,5,204096308.15786356,0.0,157033933.49482566,0.0,71815869.53682625,0.04015631152568842,50346299.58309312,0.0,96581472.88615806,0.001066049206210518,182600000.0,0.0,0.041222360731898944,579873883.6587666
67,0,0,1,1,0,0,1,1,1,0,0,1,0,0,0,2,9,10,7,5,4,0,3,4,4,3,0,5,1,3,4,342972037.7402872,0.0,122529913.13437451,0.0,86806179.74687824,0.0,20696082.48629594,0.0,124695393.03556213,0.0019765106585757767,515700000.0,717.8511803297245,0.0019765106585757767,697699606.143398
68,0,1,1,1,1,0,0,1,1,0,0,1,0,1,0,2,1,0,0,2,4,1,0,4,6,1,2,4,1,7,1,32694901.094161935,0.0,147880162.31222528,8.373894556205646e-05,86086929.55152173,0.0030022822730591705,28026419.010990143,0.00012579252331942035,105956605.80990186,0.00015990738093157772,1043500000.0,580.2500277988347,0.0033717211228722252,400645017.77880096
69,0,0,0,1,0,0,1,0,1,0,1,0,0,0,0,0,2,6,6,1,0,5,1,6,6,4,5,6,0,4,6,181635071.1423083,0.0,125131388.63338967,0.011592930601626427,94739250.34748705,0.0019077576956770398,39386978.83963405,0.0,122390644.56722677,0.018434267112913124,400400000.0,0.0,0.03193495541021659,563283333.5300459
70,1,0,0,1,1,1,0,1,1,1,1,1,1,1,1,2,7,7,8,1,4,6,1,4,0,0,0,0,3,5,5,276472803.8808717,0.0,184146207.20292145,0.0008521020887460125,47604893.24040605,0.0,556412.996271277,1.8568459362605767e-05,118905483.65420318,0.0,1931300000.0,276.5255243911098,0.0008706705481086182,627685800.9746736
71,0,0,1,0,0,0,1,0,0,1,0,0,1,1,0,1,6,1,7,5,7,7,6,4,1,0,7,0,1,0,0,186921762.1676117,0.0,255861989.36510822,0.0,92105183.62711218,0.0,17692183.62419167,0.000306578544025281,87676618.65143046,0.009871028875399514,748700000.0,954.4580828661854,0.010177607419424795,640257737.4354542
72,1,1,0,0,0,0,1,1,1,0,1,0,0,1,0,1,1,2,9,5,1,5,2,7,1,0,1,1,10,6,4,165530253.91235572,0.0,177331516.24113327,0.0,86235112.72888009,0.0,23032563.614276927,0.0009116586707354602,171671214.22164094,0.0,638600000.0,160.04874145714007,0.0009116586707354602,623800660.718287
73,1,1,1,0,0,1,0,1,0,1,0,1,1,0,1,2,4,10,3,5,0,1,1,9,5,2,3,3,0,0,0,224329729.65981406,0.0,104651657.86617124,0.0,126608083.16452958,0.0030589288212639412,26372924.31264166,0.0,52567720.38798816,0.003408410614729689,1256900000.0,1675.3737223085566,0.006467339435993631,534530115.3911447
74,0,1,0,1,0,0,0,1,0,0,1,0,0,1,0,0,0,1,8,5,1,10,5,0,2,7,3,1,1,3,2,111601194.33864394,0.0,226406905.11028442,0.0,55021520.85615872,0.0,33801522.61574014,0.0,118062335.05452782,0.013176737723838509,710400000.0,0.0,0.013176737723838509,544893477.975355
75,1,1,0,0,0,0,0,0,0,0,0,1,1,1,1,2,7,0,3,5,1,0,6,7,5,3,6,5,0,0,10,121644599.3504275,0.0,104651657.86617124,0.0,117836656.71301767,0.0,37351908.725305475,0.0,156339536.3622701,0.006388568049287183,1058700000.0,2359.9688575170603,0.006388568049287183,537824359.017192
76,1,1,0,0,0,0,1,0,1,0,0,0,0,0,0,1,4,3,1,1,6,4,1,6,0,6,3,5,0,4,4,137587437.176622,0.0,186842806.73085707,0.0021075687559439205,58744646.846493684,0.0018315576489538873,37905187.80764773,0.0,184915607.11415023,0.017668355772803786,230600000.0,1864.2394373292354,0.021607482177701594,605995685.6757708
77,0,1,1,1,0,1,1,0,0,1,0,1,0,0,1,1,1,6,3,3,7,4,2,0,3,0,0,6,6,4,10,148992572.8637129,0.0,203600384.21325204,0.0,48047840.36663434,0.0,19364751.59335363,0.0006006547526555874,162514679.43789458,0.0,1134000000.0,107.55935917597253,0.0006006547526555874,582520228.4748476
78,1,1,1,0,0,0,0,1,0,1,1,0,0,1,0,4,7,2,4,6,5,4,0,0,4,7,0,2,1,2,5,180016033.32081586,0.0,215943122.36265725,0.0,74511917.35159515,0.004909391860210244,23537919.412238494,0.0,94124251.45002009,0.0,783000000.0,1182.0325398849359,0.004909391860210244,588133243.8973268
79,0,0,0,1,0,0,1,0,0,0,0,0,1,0,0,3,0,6,0,3,7,3,3,4,5,1,7,4,1,3,8,60717312.84309486,0.0,197109949.28567868,6.925954207819441e-05,89836264.45193493,0.0,37614893.190550655,0.00012381532600713404,188099520.8645351,0.003982590998953788,504600000.0,2419.7397286951878,0.004175665867039116,573377940.6357943
80,0,1,0,0,0,0,0,0,0,1,1,0,1,1,0,1,4,3,4,0,6,6,1,4,1,0,1,1,5,6,6,156758492.85982162,0.0,180318736.52131104,0.005415435124259441,71617663.74483383,0.0,13178264.296193173,2.8697203782174247e-05,142600149.34576246,0.0,839200000.0,423.1311982261505,0.0054441323280416155,564473306.7679222
81,0,1,0,1,0,1,1,1,1,1,1,0,0,1,0,1,1,2,0,1,0,5,1,1,2,7,7,1,6,0,5,71223146.50296113,0.0,124672881.18506406,0.004027566283027365,65000908.30641317,0.0,42422238.37366619,0.0,85142397.97480127,0.0,1110800000.0,312.4054236414581,0.004027566283027365,388461572.3429059
82,1,0,0,0,0,1,0,0,0,0,1,0,0,0,1,1,8,2,6,5,1,0,7,6,5,10,1,0,2,1,2,210007656.8411526,0.0,104651657.86617124,0.0,118518738.69004363,0.0,29229280.98454815,0.0,118056806.780505,0.0052364719256614515,679700000.0,476.80820597202927,0.0052364719256614515,580464141.1624206
83,1,1,1,1,0,1,0,0,0,0,0,1,1,0,0,3,7,4,9,2,0,3,5,3,2,0,1,6,2,1,1,252065198.0871864,0.0,120087710.93815452,0.0014606224976990525,86427363.44892766,0.0,28673407.022022367,0.00026822725377133956,82048310.80279644,0.0,1066700000.0,976.7054697698245,0.0017288497514703922,569301990.2990874
84,0,0,0,0,1,0,1,1,0,1,0,1,1,1,0,1,5,10,7,9,1,7,3,3,3,0,0,4,0,5,2,279270942.6186134,0.0,244334741.6364998,0.0,80565267.4198265,0.0,16059638.50269395,0.0005381430756807126,89912985.95455348,0.0032000637633076002,1033800000.0,404.6485175304135,0.003738206838988313,710143576.132187
85,1,0,0,0,0,0,0,0,1,1,1,0,0,0,0,0,2,3,2,3,3,7,1,4,1,5,6,3,7,2,3,126556908.17246997,0.0,190450460.34291357,0.0,95712824.3764635,0.020518740026659092,38191150.24818995,0.0,120153157.44399336,0.0,357700000.0,0.0,0.020518740026659092,571064500.5840303
86,0,1,1,1,1,0,0,0,1,1,1,0,1,0,0,2,0,3,1,7,10,3,4,2,7,3,1,2,6,6,5,78453877.84187987,0.0,283931427.1198278,0.0,93625285.05761246,0.0,23831364.991512045,0.0,144433354.3443391,0.0,1134000000.0,0.0,0.0,624275309.3551713
87,0,0,1,1,1,0,1,1,1,0,1,1,1,1,1,0,7,7,0,2,4,0,7,5,5,0,1,5,6,0,0,154345864.93625224,0.0,99885909.50154212,0.0,113756052.19718486,0.0,18537667.197337087,0.00017732405044025744,40273672.383724004,0.0,1623000000.0,0.0,0.00017732405044025744,426799166.2160404
88,0,1,0,1,1,1,1,1,1,1,1,0,0,1,0,2,1,4,2,2,0,2,0,7,3,7,5,3,6,3,3,126248398.22442567,0.0,88613111.95505467,0.0,64835987.44502628,0.0,40916860.84976648,0.0,118473193.28313744,0.0,1328600000.0,0.0,0.0,439087551.7574105
89,0,0,0,0,1,0,0,1,1,1,1,1,1,1,0,4,5,3,6,2,6,6,6,4,2,1,2,2,0,0,1,183442810.13191497,0.0,201061785.45402196,6.569493609047416e-05,94719891.3748407,0.0,22013110.966710176,0.0,33792821.47401639,0.0004486343592500181,1155000000.0,344.80172012382707,0.0005143292953404923,535030419.40150416
90,0,1,0,0,0,0,0,1,0,0,0,1,0,0,0,4,5,7,4,1,7,3,3,6,1,3,3,2,0,6,6,206186162.15825236,0.0,189549685.47826293,0.0007129435424735559,86393856.47345893,0.0,26773108.14923481,0.0,130032070.12507576,0.0020841861488043126,236500000.0,1808.3878741597746,0.0027971296912778685,638934882.3842847
91,1,1,1,0,1,0,0,0,0,0,1,1,0,0,1,3,4,5,0,2,1,2,5,7,3,1,3,0,6,0,2,109584413.64186119,0.0,145297709.11255357,0.0007929477634671255,105495260.36683235,0.0,15377260.197147861,9.239242027287696e-06,74011736.27191554,0.0,970100000.0,372.66668556219435,0.0008021870054944132,449766379.5903105
92,0,0,0,0,0,1,0,1,0,0,0,0,0,0,0,3,7,1,5,9,1,5,6,0,0,6,0,8,5,1,6,180120614.91322458,0.0,224876446.44979396,0.0,31398797.71871161,0.0,32293439.297215313,0.0,115563255.13869867,0.0,248500000.0,0.0,0.0,584252553.5176442
93,1,1,1,0,0,1,1,1,1,1,0,1,1,0,0,3,0,3,6,5,0,1,7,10,2,2,5,9,0,3,0,109448217.91765803,0.0,104651657.86617124,0.0,129406404.52998534,0.0,42125431.86671548,0.0,55631209.48462096,0.0013119606855736654,1062200000.0,757.0679923841006,0.0013119606855736654,441262921.6651511
94,0,1,0,1,0,0,0,1,0,0,0,1,0,0,0,0,6,2,5,10,4,0,0,4,1,10,2,4,1,3,5,176911057.71090558,0.0,174192131.5184375,0.0,73881452.67979644,0.02077050246312473,45154293.751535036,0.0,98378503.2421007,0.0,454300000.0,0.0,0.02077050246312473,568517438.9027753
95,0,0,1,0,0,0,0,0,0,1,1,0,1,0,0,0,4,4,2,0,1,9,1,1,4,1,1,1,2,4,10,151323299.4520034,0.0,177774061.10465693,0.0210709100643246,91726423.06348619,0.01914056642692869,19617742.85964441,0.0,134446244.4679576,0.0,583100000.0,0.0,0.04021147649125329,574887770.9477485
96,0,0,1,0,0,0,0,0,1,0,0,1,1,0,1,0,0,0,0,6,7,3,7,5,5,7,1,10,6,7,0,0.0,0.0,229784558.25432444,0.0,113756052.19718486,0.0,48929221.345812656,0.0,94338185.77629063,0.0,748700000.0,0.0,0.0,486808017.5736126
97,0,0,1,0,0,1,1,0,0,1,0,0,0,0,1,0,0,3,6,8,7,6,1,0,2,1,1,6,10,9,7,109448217.91765803,0.0,286529264.0339249,0.0,91660270.76684651,0.04141512370801664,29718494.156005714,0.000838616822129469,216179285.74610788,0.0,710400000.0,0.0,0.04225374053014611,733535532.620543
98,0,1,1,1,0,1,0,0,0,0,0,0,1,0,1,3,4,10,0,3,0,3,3,4,5,0,1,10,1,3,7,156636494.31099015,0.0,107317009.92360431,0.0003713639134357855,96012624.79839613,0.0006479629344412573,37206014.10069692,0.0002918043026415972,179659297.01447242,0.0037931900998184167,1117000000.0,2778.1860727541293,0.005104321250337057,576831440.14816
99,1,0,1,1,1,1,0,1,1,0,1,1,0,1,0,0,0,10,0,0,0,6,1,8,1,7,3,2,6,7,5,95107331.23784721,0.0,91360171.01202539,0.011477145892453296,86325401.15861787,0.0,35216646.05860828,0.0,151104382.32237512,0.0,1382500000.0,0.0,0.011477145892453296,459113931.7894739
100,0,0,0,1,1,0,0,1,1,0,1,1,1,0,0,0,4,10,5,3,1,3,3,7,6,4,7,9,1,0,0,243026739.99148428,0.0,144868808.27820158,0.0,105986538.88131073,0.0,52265697.52701596,0.0,45062288.23745022,0.00870199712768881,995500000.0,0.0,0.00870199712768881,591210072.9154627
101,1,0,0,0,0,0,0,0,0,1,1,0,0,0,0,1,0,1,4,6,6,3,2,1,0,5,0,5,4,3,6,82177854.37813279,0.0,218443626.505055,0.0,73047766.97644842,0.009085676354233869,24162426.948826768,0.0,119047428.63319229,0.0,327000000.0,292.49059168372224,0.009085676354233869,516879103.4416553
102,1,0,0,1,1,1,1,1,1,1,1,1,0,1,1,3,9,7,8,0,5,0,1,4,0,0,3,1,0,5,8,308079310.60404944,0.0,71838382.99253674,0.0006643139646208397,47604893.24040605,0.0,15444563.06553661,0.0,94006162.86541712,0.0,1705900000.0,320.977327453264,0.0006643139646208397,536973312.767946
103,1,0,1,0,0,0,0,0,1,1,1,0,0,0,0,0,2,2,3,9,4,10,4,1,0,7,7,9,9,7,5,125475141.84558643,0.0,316231702.84994876,0.0,49622725.1402255,0.0,61346985.9460107,0.0,175698908.8789751,0.0,442300000.0,0.0,0.0,728375464.6607466
104,0,0,1,0,0,1,1,0,0,0,0,1,0,0,0,1,6,6,0,1,8,4,2,0,3,0,7,10,9,7,9,134996357.6629468,0.0,207386251.08853057,0.002138830627420668,50333486.676788114,0.0007100454234473326,48474290.765630364,0.0007271818249415617,203837860.00741637,0.0,454300000.0,319.0195331187065,0.003576057875809562,645028246.2013122
105,1,0,1,0,0,0,1,0,1,0,0,1,0,0,1,1,0,1,0,10,7,5,4,7,6,7,7,4,9,8,7,32694901.094161935,0.0,307297634.57326657,0.0,110986669.21857975,0.0,47823410.90026012,0.0,196930117.12676758,0.0,607900000.0,0.0,0.0,695732732.9130359
106,1,1,0,1,0,0,1,0,0,0,1,0,0,1,0,1,2,2,0,1,6,1,1,8,1,0,1,2,10,6,7,77099991.75787257,0.0,167820097.0011144,0.002138830627420668,108261405.54943313,0.0067467907215414446,23140010.48386338,0.0008093972422071489,190187732.66254705,0.0,795000000.0,530.4289041552112,0.00969501859116926,566509237.4548305
107,1,1,1,0,0,1,0,1,1,0,0,1,1,0,1,2,7,5,3,6,0,2,3,9,4,2,3,1,1,0,0,199716683.5766434,0.0,118427379.06875929,0.0,108629354.43056443,0.0,23850184.958490238,0.0,115310488.77985187,0.005929531975727331,1166400000.0,2153.5535409891736,0.005929531975727331,565934090.8143092
108,1,0,0,0,0,0,0,0,1,1,0,0,0,0,0,3,3,3,2,0,2,7,4,2,6,3,1,2,6,6,5,134644726.2576002,0.0,167331269.85767362,0.0024902706353019393,90172032.51215842,0.0,23831364.991512045,0.0,144433354.3443391,0.0,236500000.0,1186.8390184978857,0.0024902706353019393,560412747.9632834
109,1,1,1,1,0,1,1,1,0,1,1,1,0,0,0,0,3,8,7,2,4,1,6,6,6,0,0,4,1,5,1,225290266.93789953,0.0,147867940.80598167,0.0005474578007539514,116802420.6988585,0.0,16364929.804509835,0.0016229361294010304,93596653.66320348,0.0,1114400000.0,0.0,0.0021703939301549817,599922211.9104531
110,1,1,1,0,1,0,0,0,1,0,1,1,0,0,1,3,4,3,0,0,5,3,4,7,2,1,0,2,6,0,2,96223098.04916811,0.0,139288714.6719857,0.0012522838754344223,97628005.17481405,0.0,14775873.925449368,2.644396160959841e-05,74011736.27191554,0.0,1000800000.0,628.1778514198992,0.0012787278370440208,421927428.09333277
111,0,0,1,0,0,0,0,1,1,1,1,1,0,0,0,1,0,2,0,3,6,7,0,6,3,5,8,4,1,0,1,37255203.23710208,0.0,220095552.17539835,0.0,66853672.15607731,0.001764158956331958,45130303.71601647,0.0,50929971.20054293,0.0,509600000.0,60.698817768670004,0.001764158956331958,420264702.48513716
112,1,0,0,0,1,1,1,0,0,1,1,0,1,1,1,1,1,1,0,3,6,5,1,0,3,6,7,6,3,6,5,66507014.9338145,0.0,201280193.88081348,0.0,57271462.984996244,0.0036631152979077768,49514218.15716405,0.0,124523735.82010275,0.0,1561600000.0,121.80292634230652,0.0036631152979077768,499096625.77689105
113,0,1,1,1,0,1,1,0,0,1,0,1,0,0,1,0,0,1,3,3,6,4,4,4,2,0,0,6,7,4,10,76431543.68310125,0.0,193091855.26557928,0.0,85609120.14060155,0.0,19364751.59335363,0.0016684854240432987,170611600.40478837,0.0,1134000000.0,0.0,0.0016684854240432987,545108871.087424
114,1,0,0,1,0,0,0,1,0,1,0,1,1,1,0,1,1,1,0,6,7,9,6,4,1,0,1,7,3,7,7,66507014.9338145,0.0,295020999.94654614,0.0,92105183.62711218,0.0,24572683.02760253,0.00029776874162253054,141073708.86943716,0.0,1087700000.0,57.365029355742,0.00029776874162253054,619279590.4045126
115,0,0,0,0,0,0,1,0,1,0,1,0,0,1,0,4,7,5,7,3,6,1,1,1,5,3,1,2,0,6,7,238400207.85263282,0.0,172641808.18109342,0.0,74332242.17684948,0.00022822629763265089,23831364.991512045,0.0,142769961.45140165,0.002519071009433605,438700000.0,1744.1750830077845,0.0027472973070662558,651975584.6534894
116,0,1,1,1,1,0,1,0,0,1,1,1,0,1,1,0,10,5,0,2,3,0,0,2,3,8,1,2,7,7,3,170633165.41210634,0.0,97176148.21849187,0.0014684235314085558,71897650.6363521,0.020141096371960633,34300065.4232814,0.0,148687151.83491525,0.0,1511300000.0,0.0,0.02160951990336919,522694181.52514696
117,0,0,1,0,0,0,1,0,0,1,0,0,0,0,0,1,6,2,4,5,7,1,5,4,0,0,7,1,5,1,1,168897725.9290959,0.0,203375519.163827,0.0,60031921.43603267,0.0,31276187.237381823,0.0007972469301165822,96923603.35265538,0.0,236500000.0,143.35555656309268,0.0007972469301165822,560504957.1189928
118,0,0,1,0,0,1,1,0,0,1,1,0,1,1,0,2,1,1,6,9,1,4,0,0,1,1,7,7,0,0,4,131444749.25204396,0.0,216408305.29779762,0.0,92339419.16029778,0.009176786463791824,39729636.51553115,0.0,37393823.56420949,0.0002570178015910512,1087700000.0,1320.8676709396514,0.009433804265382874,517315933.78988004
119,1,1,1,0,0,1,1,0,0,0,1,1,1,1,0,0,0,2,1,6,1,3,1,7,2,1,7,5,9,6,10,72222705.9376919,0.0,173361355.75588888,0.0,108707834.41523708,0.02039285880842627,35552093.1563724,0.0,203909884.04872555,0.0,1256900000.0,0.0,0.02039285880842627,593753873.3139157
120,0,0,0,0,0,1,1,1,0,0,0,0,0,0,0,0,0,6,0,3,7,4,4,7,1,2,8,4,0,3,1,60717312.84309486,0.0,203600384.21325204,0.0,94923950.62609406,0.0,42220275.225709006,0.0011294367421807823,206306638.61391026,0.06449923577012923,279200000.0,0.0,0.06562867251231001,607768561.5220603
121,1,1,0,1,0,0,1,1,1,0,1,0,0,0,0,0,3,3,6,1,0,2,3,0,1,0,1,1,10,2,3,163347299.0393601,0.0,107645243.90373676,0.01130346882869359,46650169.32145682,0.0,29088282.259433493,0.004065451997290765,142192202.7424727,0.0,600300000.0,0.0,0.015368920825984355,488923197.2664599
122,0,1,1,1,1,1,0,0,1,0,1,0,1,0,0,0,3,10,0,0,0,6,1,8,5,0,3,5,1,3,5,147485483.76362175,0.0,132474116.39426383,0.02962211821380639,97825566.28048185,0.0,20696082.48629594,0.0,98378503.2421007,0.0,1230600000.0,0.0,0.02962211821380639,496859752.1667641
123,0,0,1,0,0,0,0,1,1,1,1,1,0,0,0,1,3,1,2,6,7,9,0,5,4,4,4,7,2,0,0,121068252.05857566,0.0,295020999.94654614,0.0,65883925.57425082,0.001764158956331958,39444898.75810866,0.0,27578229.96765524,0.0,509600000.0,60.698817768670004,0.001764158956331958,548996306.3051366
124,1,1,0,0,1,1,0,0,0,1,1,1,1,1,1,0,0,6,0,2,1,6,1,0,6,6,7,6,3,1,10,60717312.84309486,0.0,170916100.9247673,0.0065446047561429355,101288464.20932628,0.04154100492624948,49514218.15716405,0.0,124589423.38536836,0.0,1736700000.0,0.0,0.048085609682392415,507025519.51972085
125,0,0,0,0,0,0,1,0,1,0,0,0,1,0,1,4,0,0,0,4,1,3,1,0,4,7,4,9,2,1,6,518711109.2674475,0.020657043468376695,153700147.46963966,0.0,47604893.24040605,0.0,52784950.31130054,0.0,98900677.91008756,0.0,573600000.0,3868.0359186852784,0.020657043468376695,871701778.1988813
126,0,1,0,1,0,0,0,1,0,0,1,1,0,1,0,0,0,2,7,7,1,3,5,3,2,7,0,3,0,0,2,110130504.5881955,0.0,184298790.75256568,0.0,86427363.44892766,0.0,24956580.074387155,0.0,78137596.85213721,0.021866011426227756,831600000.0,0.0,0.021866011426227756,483950835.71621317
127,0,0,1,0,1,0,0,1,0,0,1,1,1,1,0,1,7,5,6,5,5,6,0,0,8,7,3,4,0,0,3,227292860.5414936,0.0,222107979.37127894,0.0,85311792.2558775,0.014682858342066915,38523445.297830656,0.0,34368233.04939238,0.0006168427238185228,1087700000.0,550.0795022657993,0.015299701065885438,607604310.5158731
128,1,0,0,0,0,0,0,0,0,1,1,0,1,1,0,1,5,1,7,0,6,6,6,4,1,0,1,0,4,6,7,176006934.67244527,0.0,180318736.52131104,0.005415435124259441,92105183.62711218,0.0,6962153.3535512015,5.7394407564348494e-05,141285875.66420355,0.0,839200000.0,428.1802288120581,0.005472829531823789,596678883.8386233
129,0,1,0,1,0,0,0,0,0,1,0,1,1,0,1,0,0,6,3,0,7,6,1,3,2,0,1,8,7,7,10,112454988.58836943,0.0,190349980.61360493,0.015042875345165112,70680852.3457324,0.0,23300849.04230147,7.971445495048403e-05,193224964.59681654,0.0,1057000000.0,0.0,0.015122589800115596,590011635.1868248
130,0,1,1,1,0,1,0,1,1,0,1,0,1,0,1,1,0,3,0,2,0,5,1,4,2,0,0,4,1,0,4,42291505.65437629,0.0,108771587.21987478,0.0004019469386978708,76064069.72712536,0.0006825650153521711,16504680.924707064,0.0006053662666980784,64469298.14724094,0.000767555428471573,1299600000.0,231.72409472698624,0.0024574336492196934,308101141.67332447
131,0,0,1,0,0,1,1,1,1,0,0,0,0,0,1,1,0,2,6,5,6,6,2,7,1,0,1,6,10,9,7,102192937.55533153,0.0,233114817.4586118,0.0,86235112.72888009,0.0,32351293.950812235,0.0011892758669452893,216179285.74610788,0.0,650600000.0,201.4295319241303,0.0011892758669452893,670073447.4397435
132,1,0,1,1,0,1,0,1,0,1,0,0,0,0,0,3,7,2,5,8,0,0,1,8,9,10,3,3,1,3,0,188303187.5061465,0.0,81277411.11097889,0.0,138065317.9384416,0.0024924602955749674,45297253.874143034,0.0,58883099.17957478,0.00012792590474526214,756700000.0,580.6843210550404,0.0026203862003202297,511826269.6092848
133,1,0,0,1,0,0,0,1,1,0,0,1,1,0,0,0,0,2,0,2,6,7,6,0,0,6,7,1,0,8,6,37255203.23710208,0.0,210586481.0325635,0.0005582596370803763,31398797.71871161,0.0,39816568.41869327,0.0,149589285.9704183,0.020992258411946706,741100000.0,0.0,0.021550518049027082,468646336.37748873
134,0,0,1,0,1,0,0,0,1,0,1,0,0,0,0,3,0,2,3,7,10,5,2,7,0,0,8,5,9,7,2,82486364.32617709,0.0,304410245.2083211,0.0,61053745.05597133,0.00023668180781577752,39583136.41342965,0.00026445050648011344,160123339.58615863,0.0,454300000.0,342.69800180082825,0.000501132314295891,647656830.5900577
135,0,0,0,0,1,0,0,1,1,0,0,0,1,1,1,0,9,2,2,1,2,0,1,5,7,9,6,8,3,0,7,189588541.54905233,0.0,95315215.4380091,0.00585435765539978,94194488.77724752,0.0019136295777486556,61840409.117942214,0.0,114134500.4090906,0.015420469734563139,1047500000.0,0.0,0.023188456967711574,555073155.2913418
136,0,1,0,1,0,1,0,0,0,0,0,0,1,0,1,3,7,5,0,3,0,3,3,4,5,1,7,4,1,3,8,136422954.7271911,0.0,107317009.92360431,0.0003713639134357855,96012624.79839613,0.0006479629344412573,37370790.556950614,0.00011152484375594311,184543752.8777014,0.0037931900998184167,1032400000.0,2573.456592622116,0.004924041791451402,561667132.8838435
137,0,1,0,0,0,1,0,0,0,1,1,0,1,1,1,1,4,4,7,2,1,8,2,3,7,1,0,1,3,4,4,191731460.2888721,0.0,187835489.0261425,0.0023788432904013764,112952073.06795263,0.0075680153638525375,12857587.774250694,0.0,109495918.38671274,0.0,1313100000.0,421.91400864262414,0.009946858654253914,614872528.5439306
138,1,0,0,1,0,1,0,0,0,1,0,1,1,1,1,0,6,0,1,0,7,8,5,7,2,0,1,4,0,7,1,100714900.1874114,0.0,209621314.03581423,0.015042875345165112,102456829.1637007,0.0,16347288.792964684,0.0,75869639.77914998,0.0,1530900000.0,0.0,0.015042875345165112,505009971.959041
139,1,1,1,0,0,1,1,1,0,0,1,0,0,1,0,2,7,4,10,2,0,2,7,7,1,1,3,3,1,5,3,266309508.2515163,0.0,91026622.42019643,0.00016747789112411292,110009109.98310609,0.0,28344168.850088812,0.00013914123826519876,102555184.15762946,0.00015990738093157772,910300000.0,200.56481520050204,0.0004665265103208894,598244593.6625371
140,0,1,0,1,0,0,1,1,0,0,1,0,0,1,0,0,0,0,4,6,5,9,3,7,5,4,1,10,1,3,9,47847947.961454235,0.0,268957400.84046453,0.0,102347696.85823739,0.0,41038624.720261365,0.0,147271435.5638584,0.013176737723838509,741100000.0,0.0,0.013176737723838509,607463105.9442759
141,1,0,0,1,0,1,0,0,1,1,1,1,0,1,0,2,0,0,7,6,6,4,2,6,0,1,0,0,3,4,6,68139002.95605196,0.0,226698717.69347894,0.0,55749126.209561795,0.0,7271247.1417281795,3.514252148373518e-05,118221177.20301227,0.0,1170600000.0,25.01052211731916,3.514252148373518e-05,476079271.20383316
142,1,1,0,0,0,1,1,1,1,0,0,0,0,1,0,0,0,3,6,6,0,1,0,9,1,1,1,6,3,5,0,109448217.91765803,0.0,112832601.01821715,0.0,73928069.49185786,0.004900441545366547,34027490.6125836,0.0020588104401469748,70917961.72350763,0.0,735200000.0,0.0,0.006959251985513522,401154340.7638243
143,1,1,1,1,0,0,1,0,0,1,1,1,1,0,0,2,1,3,0,2,6,1,6,1,2,3,5,3,9,0,7,76431543.68310125,0.0,166683456.0429728,0.00022026352971128338,84277981.37530136,0.0,31756465.62997268,0.0,112912350.16584781,0.0,1122000000.0,65.63467821299623,0.00022026352971128338,472061796.89719594
144,1,0,0,1,0,0,0,0,0,0,0,0,1,0,0,0,7,1,2,4,0,9,1,2,7,6,1,4,3,7,9,158247805.46284032,0.0,156295954.0347702,0.0,130737966.02641785,0.04330334198150896,32585053.787652515,0.0,153556497.4878596,0.0,558500000.0,0.0,0.04330334198150896,631423276.7995405
145,1,0,1,0,0,0,0,0,0,0,1,0,0,1,1,1,0,0,0,2,5,5,2,7,9,0,6,5,10,7,5,0.0,0.0,194572008.24848527,0.0021909337465485785,138343055.0515717,0.0076813084602620745,29320181.19783098,0.00027064621747917154,184950365.0702633,0.0,802600000.0,460.0707772224522,0.010142888424289825,547185609.5681512
146,0,0,1,1,0,0,0,0,1,1,1,1,1,1,0,1,7,3,6,5,6,4,2,0,0,0,0,7,3,7,1,206608704.69342405,0.0,214755434.29165137,0.0,22167818.198803753,0.0,15780866.557594026,0.00012457427098292492,114267551.46554163,0.0,1208900000.0,25.522904484556097,0.00012457427098292492,573580375.2070148
147,1,1,0,0,0,1,0,0,0,0,0,1,1,1,1,2,4,2,3,5,0,0,6,9,5,2,2,5,0,0,10,142199997.9234246,0.0,59410102.93073928,0.0,128749060.98480114,0.0,27834826.095316373,0.0,156339536.3622701,0.006388568049287183,1276500000.0,2359.9688575170603,0.006388568049287183,514533524.29655147
148,1,1,0,1,0,1,0,1,0,1,0,0,0,0,1,3,0,0,6,9,0,0,6,9,10,4,3,3,6,2,7,60717312.84309486,0.0,89992006.20155807,0.0,154268650.1130024,0.0,30059556.316496484,0.0,131834239.3165331,0.0,1012800000.0,0.0,0.0,466871764.79068494
149,0,0,1,0,0,1,0,0,0,0,0,0,0,1,0,0,7,1,7,0,9,7,6,4,1,0,0,4,1,7,7,198655966.29970902,0.0,243246234.81226677,0.024182408747265897,92105183.62711218,0.0,21375332.201220535,0.002825234502604,128563360.84755757,0.0,558500000.0,0.0,0.027007643249869897,683946077.7878661
150,0,0,1,0,0,0,0,0,1,0,0,1,0,0,0,0,4,4,2,6,1,1,1,1,4,0,1,6,1,7,2,151323299.4520034,0.0,161218867.4218822,0.0,96075254.65218224,0.02274285086158954,31935756.7847808,0.003129192816373297,109281254.31048584,0.001066049206210518,236500000.0,0.0,0.026938092884173356,549834432.6213346
151,0,0,0,0,0,0,0,1,1,0,0,0,1,0,0,0,2,2,6,1,1,0,1,5,7,10,7,4,0,7,1,146551506.34123784,0.0,96980919.82831815,0.008805554919654564,97910492.93572946,0.005072058586764982,57505503.63725928,0.0,185673938.6217035,0.047500425209437994,317500000.0,0.0,0.061378038715857536,584622361.3642483
152,1,0,1,0,0,0,0,1,1,0,0,1,0,0,0,0,0,3,4,6,7,9,5,3,3,0,1,4,4,0,0,95213987.28559849,0.0,295020999.94654614,0.0,89083682.45103267,0.0,29209371.60141711,0.0032398254197687185,33377116.55719709,0.0,351800000.0,0.0,0.0032398254197687185,541905157.8417915
153,1,0,1,0,0,0,1,0,0,0,0,1,1,1,0,0,0,4,4,0,1,3,3,3,2,0,0,5,5,1,5,102578836.07266891,0.0,133823941.48232079,0.020752255294182828,78081587.42151478,0.0,13943365.29089048,0.0006731814022281175,111162838.60253373,0.0,833300000.0,0.0,0.021425436696410945,439590568.8699286
154,1,0,0,1,0,1,1,0,0,0,1,1,1,1,0,0,1,1,1,0,1,4,6,7,2,0,1,5,4,7,5,101474517.63440433,0.0,129532020.98959383,0.016319002794646587,107574201.39956039,0.0,17767801.395336673,0.0,137004737.0557815,0.0,1305500000.0,0.0,0.016319002794646587,493353278.4746767
155,0,0,1,0,0,1,1,0,0,1,1,0,0,0,0,2,1,2,6,9,1,3,0,0,1,1,7,6,7,0,4,138379858.76624286,0.0,208689727.50172707,0.0,92584769.52220969,0.009233433011996592,38398599.5091708,3.232019967565409e-05,86420965.59927613,0.0,575500000.0,1246.0018798423966,0.009265753211672246,564473920.8986266
156,0,0,1,0,0,0,1,1,0,0,0,0,0,0,0,0,1,1,4,2,7,1,7,1,1,2,1,4,5,7,2,117680843.07115024,0.0,176177176.3544615,0.0014755986321273922,86462899.21101597,0.0,29251001.243000578,0.0012183708808860385,130228550.45096281,0.0,146000000.0,0.0,0.0026939695130134304,539800470.3305911
157,0,0,1,0,0,1,1,1,1,1,1,0,0,0,1,0,1,3,6,10,7,7,0,0,2,1,1,5,2,1,0,145883058.26646656,0.0,331915525.86545724,0.0,22167818.198803753,0.0,25568192.62307443,0.00022036634674665341,54355764.74753119,0.0,893000000.0,0.0,0.00022036634674665341,579890359.7013332
158,0,0,1,0,1,0,0,1,0,1,0,1,1,1,0,1,7,5,9,5,2,6,1,0,1,7,0,4,0,0,3,264030124.27287048,0.0,193619314.78877616,0.0,89318973.63709101,0.014682858342066915,26527642.362493023,0.0,34368233.04939238,0.0006168427238185228,1087700000.0,550.0795022657993,0.015299701065885438,607864288.110623
159,0,0,1,1,0,1,1,0,0,1,0,0,0,0,0,2,3,5,0,1,7,2,5,4,7,0,1,8,0,3,0,101988088.03595176,0.0,182975945.41293725,0.0008911794280919451,106337197.36717674,0.0,35247707.978203334,0.0004567800191423826,73947681.71069145,0.0028105853297885532,672100000.0,1642.4180422402042,0.004158544777022881,500496620.5049606
160,0,1,0,1,0,0,0,0,0,0,1,0,1,1,0,0,4,5,1,3,5,0,1,8,5,0,1,2,2,0,1,153823961.45335865,0.0,114790874.23087874,0.0005852642278964392,122452319.36292066,0.021336967945172428,20208549.431247152,0.0015247884689650092,84446856.31209058,0.01317673772383851,935800000.0,0.0,0.03662375836587239,495722560.7904958
161,1,1,1,1,1,1,0,1,1,1,0,0,1,1,1,1,4,7,0,5,7,0,2,2,3,0,0,6,4,7,2,125788764.77143934,0.0,146137633.1823734,0.0,73555433.13420418,0.0,19033671.230116326,0.0005506454110756874,123837869.82670248,0.0,1858100000.0,105.21746986692955,0.0005506454110756874,488353372.1448357
162,1,0,0,1,0,0,1,0,1,0,0,0,0,0,0,1,4,2,1,1,6,2,2,1,1,1,5,6,1,5,8,130459909.52246656,0.0,173507801.80869624,0.0021075687559439205,66330233.160400495,0.0,39949519.76494316,0.0006307907061114257,194938304.91949126,0.011379570299455249,363800000.0,1312.7450987518419,0.014117929761510595,605185769.1759977
163,0,0,0,0,0,0,0,1,1,1,1,0,0,0,0,1,6,1,4,2,5,7,9,3,1,0,0,1,9,5,0,161250294.9980649,0.0,200314626.49156234,0.00019902913881017894,103731505.54675925,0.0,17083227.321178056,0.0009908542337694526,102741299.33204842,0.0,303800000.0,180.42930163974833,0.0011898833725796315,585120953.689613
164,1,1,1,0,0,1,0,1,0,1,0,1,1,0,1,2,7,8,3,5,1,1,1,7,5,3,7,3,7,0,0,234676063.8931626,0.0,151439155.4442835,0.0,117383240.36774816,0.0030589288212639412,36056768.06702294,0.0,44193513.54513965,0.0,1256900000.0,407.64974725619544,0.0030589288212639412,583748741.3173568
165,0,0,0,0,0,0,0,1,1,0,1,0,0,1,0,0,6,5,7,4,5,7,3,1,0,4,3,9,0,2,3,225352782.8603031,0.0,220518144.5181843,0.0,46650169.32145682,0.0,42319824.7635092,0.0,139212016.97725397,0.03447196455479578,438700000.0,0.0,0.03447196455479578,674052938.4407074
166,0,1,1,0,0,0,0,1,0,1,0,1,0,1,0,0,0,2,6,7,1,2,4,0,2,7,6,0,7,9,2,102192937.55533153,0.0,177725050.68724,0.0,51760044.33566119,0.0,30185557.33409556,0.0,158602308.96186996,0.0,698400000.0,0.0,0.0,520465898.8741982
167,0,1,0,0,0,1,1,0,0,0,0,0,0,1,0,0,4,6,0,0,0,2,3,3,2,7,6,5,9,7,4,117299462.54481953,0.0,122549428.55354714,0.03593029507335513,78081587.42151478,0.0,47317209.93537478,0.0,170050415.1725734,0.0,589200000.0,0.0,0.03593029507335513,535298103.6278297
168,0,0,0,1,0,1,1,1,1,1,1,1,0,1,0,0,4,3,4,2,1,3,0,6,5,7,7,9,1,0,0,156758492.85982162,0.0,136638608.13374585,0.0,66629563.55863415,0.0,61346985.9460107,0.0,25037214.086173728,0.0,1147400000.0,0.0,0.0,446410864.58438605
169,0,1,0,0,0,1,1,0,0,1,0,0,0,0,0,0,6,5,0,5,0,6,0,0,2,6,6,6,8,4,7,126745040.65873201,0.0,137537273.74406102,0.0,72970919.5880994,0.043513353324714274,46821180.079952344,0.0,158274387.5383908,0.0,454300000.0,0.0,0.043513353324714274,542348801.6092355
170,0,0,1,1,0,0,0,1,1,1,0,1,1,0,0,1,4,10,3,4,0,0,3,6,6,3,3,4,0,0,0,224329729.65981406,0.0,53358573.6002109,0.0,101412629.76652047,0.0,29664045.303329118,0.0,75839050.32672293,0.011807646170162988,862300000.0,1101.1898071041464,0.011807646170162988,484604028.65659744
171,0,0,0,0,0,0,0,0,1,0,0,0,0,0,0,4,4,3,3,1,0,3,1,0,4,0,4,2,6,7,7,149728694.44354364,0.0,113627224.64345741,0.0014397812500478876,91847670.4080557,0.004566342953481382,32339923.150141858,0.00041250826230038444,162738541.54706326,0.0,30700000.0,2398.6264642723663,0.006418632465829654,550282054.1922618
172,0,0,0,0,0,0,0,0,0,0,0,0,1,0,1,3,0,0,0,4,1,5,1,0,4,7,7,9,2,3,2,518711109.2674475,0.020657043468376695,167383652.40335083,0.0,52102993.17578555,0.0004598446204356089,61346985.9460107,0.0,92662769.00512359,0.0,512200000.00000006,3410.0146632598007,0.021116888088812305,892207509.7977182
173,0,0,0,0,0,0,1,1,0,0,0,1,0,0,0,0,1,0,4,1,7,7,4,1,3,0,0,4,1,0,3,175831519.06281477,0.03200567898378224,222714312.64599007,0.0057964653008132135,78247463.63258468,0.0,27254825.76558312,0.004229525575391512,61340320.61571275,0.002132098412421036,182600000.0,0.0,0.044163768272408,565388441.7226853
174,0,0,0,0,0,0,1,1,1,0,1,0,1,1,0,3,0,1,9,2,9,3,2,7,2,6,1,9,0,1,6,340603353.4798031,0.0088060218951525,208301540.85232946,0.0,88763425.8538013,0.0,43274259.946559355,0.0,75247642.94657116,0.000444014656233156,725500000.0,1746.4304058741393,0.009250036551385656,756190223.0790642
175,1,1,1,1,0,1,1,1,1,0,1,0,1,0,0,0,0,3,6,0,0,6,0,8,5,0,0,10,0,4,6,109448217.91765803,0.0,91163667.81988584,0.01130346882869359,74964671.67903003,0.0,31582597.303653035,0.002619793664969056,119933423.13108878,0.017368217906702607,1158800000.0,0.0,0.03129148040036525,427092577.85131574
176,0,0,1,1,0,0,1,0,0,1,0,0,1,0,0,0,3,4,0,1,7,5,5,4,7,0,1,6,0,3,0,95213987.28559849,0.0,204684400.1182397,0.005941196187279633,106337197.36717674,0.0,28573934.8476988,0.0022483256727976355,73947681.71069145,0.018737235531923687,710400000.0,0.0,0.026926757392000955,508757201.3294052
177,0,0,1,0,0,0,1,0,0,0,0,1,0,1,0,0,4,4,0,1,1,2,4,1,4,7,6,6,1,0,2,102578836.07266891,0.0,149365383.7485234,0.011882392374559266,80856249.44564922,0.0,49666203.60882454,0.0,59121937.25923232,0.0024350668314315972,492600000.0,0.0,0.014317459205990863,441588610.1348984
178,0,0,1,0,0,1,1,1,1,1,0,0,0,0,0,0,6,0,5,10,7,1,1,3,5,1,0,7,2,4,7,126745040.65873201,0.0,269827358.7006863,0.0,78265241.8355712,0.0,28758549.528873708,0.0020505012277786472,117339881.88314871,0.0,515700000.0,0.0,0.0020505012277786472,620936072.6070119
179,1,0,0,1,0,1,0,0,1,1,0,1,0,0,0,0,3,3,2,0,4,7,4,0,5,0,1,2,0,1,1,134644726.2576002,0.0,160504201.9357856,0.01043569896195352,59344433.82549998,0.0,17499496.008229785,0.0009210644855978653,50929971.20054293,0.0,793300000.0,0.0,0.011356763447551385,422922829.22765845
180,1,0,1,1,0,0,0,0,1,1,1,1,1,0,0,1,4,2,6,6,6,4,3,0,0,0,1,7,2,7,1,164741366.99800193,0.0,226698717.69347894,0.0,24198032.45136138,0.0,24527437.070942704,0.0002909343873298573,108721519.74943483,0.0,1037400000.0,57.04498312544618,0.0002909343873298573,548887073.9632199
181,0,0,1,0,0,0,0,1,1,0,0,1,1,0,1,0,3,0,2,6,7,4,1,5,4,4,3,8,2,0,0,83497824.69174261,0.0,238321732.97205263,0.0,84618603.94577508,0.0018960139315338086,39745013.73511774,0.0,114744604.60713148,0.03816119554629445,779400000.0,0.0,0.04005720947782826,560927779.9518195
182,0,0,1,0,0,0,1,0,1,1,1,1,1,0,0,1,0,1,0,6,7,4,7,5,5,7,6,5,6,7,0,32694901.094161935,0.0,238321732.97205263,0.0,113756052.19718486,0.0,47317209.93537478,0.0,94338185.77629063,0.0,765700000.0,0.0,0.0,526428081.9750649
183,0,0,0,0,0,0,1,0,1,1,0,0,0,0,1,1,7,3,1,9,7,1,2,0,1,1,1,6,2,6,7,167395850.36382186,0.0,254666886.17938054,0.0,43878096.290305056,0.0,30319526.01175937,0.00037294663884194037,128473802.53417458,0.0,438700000.0,60.88553788899631,0.00037294663884194037,624734161.3794414
184,1,1,1,0,0,1,0,0,0,1,0,1,0,0,1,2,4,5,0,1,7,1,5,7,6,3,1,4,0,0,0,109584413.64186119,0.0,177090529.52434024,0.0009042052078739231,116271970.1880647,0.0,26534414.88134467,0.0,50559366.88448196,0.0032799017139341635,970100000.0,1485.2742399663784,0.004184106921808086,480040695.1200928
185,1,1,0,0,0,1,0,0,1,0,0,0,0,0,0,3,4,3,2,1,4,0,6,0,5,0,3,2,0,1,6,143356957.13390714,0.0,106379292.24185556,0.0007198906250239438,66629563.55863415,0.0,31226637.11095705,0.0004263506985924741,226968011.41610312,0.008343134213480815,417700000.0,5604.478349568676,0.009489375537097233,574560461.461457
186,0,0,1,0,0,1,0,0,1,0,0,0,0,0,0,0,6,4,1,9,1,0,1,4,4,5,1,5,1,0,2,165003760.8990737,0.0,141741570.95077625,0.0,103260711.99334198,0.021022264899590366,32086954.447517462,0.0,239960606.59319124,0.08150126444958089,333100000.0,0.0,0.10252352934917125,682053604.8839006
187,0,0,0,0,0,1,0,0,0,0,0,0,1,0,1,3,0,0,0,3,6,5,2,7,6,6,8,10,0,3,2,0.0,0.0,204559010.7551474,0.00018568195671789275,126044206.01232171,0.0025906476457965683,64921310.97769545,0.0,205561374.98602384,0.007550507393280136,730000000.0,4906.554350069728,0.010326836995794597,601085902.7311884
188,0,0,0,0,0,0,1,1,0,0,0,0,0,0,0,0,0,6,0,4,0,4,7,0,3,3,7,7,2,3,1,233621015.932244,0.05738067630104638,114392792.32657647,0.0,64835987.44502628,0.0,44184470.68063845,0.0,89656908.29068159,0.0,61400000.0,0.0,0.05738067630104638,546691174.6751667
189,0,0,0,1,0,0,0,1,1,0,1,0,0,0,0,0,0,2,8,7,1,3,6,0,2,6,4,1,0,0,2,118857792.03722039,0.0,184298790.75256568,0.0,58517988.01954745,0.0,33292100.843263462,0.0,155832230.1185646,0.05576719138575305,400400000.0,0.0,0.05576719138575305,550798901.7711616
190,0,0,0,0,1,0,0,0,1,0,0,0,0,0,1,0,4,2,2,1,1,1,2,3,0,4,5,6,1,2,8,136038794.21624202,0.0,145833348.3119685,0.012575339934384016,51825748.4227156,0.0032537115834837564,39386978.83963405,0.0,176937922.72834474,0.030334545091369274,504600000.0,0.0,0.04616359660923705,550022792.5189049
191,0,0,0,0,0,0,0,1,0,0,0,0,0,1,0,0,4,2,7,1,0,1,1,5,2,9,7,4,8,7,4,173820755.1778444,0.0,116653978.16722915,0.017997265625598596,99285252.67503524,0.0189693602457943,54038695.681635804,0.0,161536325.83645323,0.0,286800000.0,0.0,0.03696662587139289,605335007.5381979
192,0,0,0,0,0,0,1,1,0,0,1,0,1,0,1,0,1,8,5,1,3,7,7,5,7,2,1,1,7,0,3,231458352.1463404,0.01600283949189112,184307579.8048684,0.0057964653008132135,121872393.88035336,0.0,21083390.673844058,0.0,82593104.13074732,0.0,694800000.0,0.0,0.02179930479270433,641314820.6361536
193,0,0,1,0,0,1,0,1,0,1,0,0,1,0,1,2,4,8,1,5,1,1,0,0,1,0,4,5,1,0,7,184054071.50298315,0.0,151439155.4442835,0.0,92830119.88412161,0.009290079560201362,25548859.35744113,0.00011276925728298813,75655300.67521596,0.00031981476186315543,966500000.0,1429.4386751503173,0.009722663579347507,529527506.8640453
194,0,0,0,0,0,0,0,0,1,1,1,1,0,0,0,1,2,2,9,0,1,4,5,8,1,0,0,1,2,7,3,174629653.72048903,0.0,118938574.43174605,0.004194296264236681,104322384.80529279,0.0,12603519.66142191,0.0005257987831107704,115912327.79606873,0.0,394300000.0,421.07807732155715,0.004720095047347452,526406460.4150185
195,0,0,0,0,0,1,0,1,1,0,0,0,1,1,0,1,6,4,6,1,2,0,0,2,4,7,6,9,0,2,5,204216615.22867584,0.0,95315215.4380091,0.0021075687559439205,74297181.71619141,0.00727345331318773,58267993.91849901,0.0,211511076.55273154,0.022651522179840403,791400000.0,2495.915051416798,0.032032544248972054,643608082.8541069
196,0,0,0,0,0,0,1,1,1,0,0,0,0,0,0,0,2,3,6,4,1,0,0,2,4,7,8,9,3,2,10,154311096.58843052,0.0,97105266.60422453,0.0,56268619.98921407,0.004916043094584587,64676466.23393564,0.0,155516036.4491411,0.011407463490698199,92100000.0,0.0,0.016323506585282786,527877485.8649459
197,1,1,1,1,0,1,0,0,0,0,1,1,1,0,1,3,3,10,7,3,1,3,1,7,6,7,0,5,1,0,0,252947386.88429508,0.0,146100006.5232597,6.958359716798722e-05,121235396.42552379,0.0025302246610448146,28265438.623856276,0.0,38387263.520358056,0.0006961597702151048,1444000000.0,937.4564071629906,0.0032959680284279065,586935491.9772929
198,0,1,1,1,0,1,1,0,1,1,1,1,1,0,1,0,4,7,5,1,8,4,0,0,2,0,6,6,10,6,6,203895381.32244533,0.0,207091496.30032128,0.005680680591640083,26578885.50700838,0.0036980777499217667,27984209.217288204,0.0,183477382.51252156,0.0,1542000000.0,0.0,0.00937875834156185,649027354.8595848
199,0,0,0,0,1,0,0,1,1,0,0,1,1,1,0,1,9,5,2,0,2,0,0,5,6,10,6,1,7,7,1,217926643.11492613,0.0,57954960.986646324,0.0024886744469906274,83755498.64389597,0.005384960533417179,48817596.53587266,0.0,140180881.73641115,0.0,912600000.0,372.36640101957505,0.007873634980407806,548635581.0177522
200,1,0,1,0,0,0,0,0,0,0,1,0,0,0,1,0,0,0,7,1,6,4,2,6,9,7,5,5,3,4,6,68139002.95605196,0.0,187104810.98704314,0.0060859270737460515,127403435.33019757,0.016047022081599145,44831030.76738851,0.0,118221177.20301227,0.0,546500000.0,0.0,0.022132949155345197,545699457.2436935
201,1,0,1,0,1,1,0,1,0,1,0,0,0,1,0,0,7,5,3,0,6,1,0,4,0,6,7,4,1,5,4,199716683.5766434,0.0,146047107.49529663,0.014811059106903194,28599021.072628547,0.0018338129028124168,45039276.5400175,0.0,103799344.79743059,0.0,1012800000.0,0.0,0.016644872009715612,523201433.4820166
202,0,0,0,1,1,1,0,1,1,1,1,1,1,0,1,2,1,7,8,1,5,0,1,7,1,0,0,3,0,5,4,202991498.16567695,0.0,112277351.65528987,0.0008521020887460125,82249684.10252997,0.0,9213015.084655438,2.595297312144269e-05,76159688.97366215,0.0,1590600000.0,281.94462723591016,0.0008780550618674552,482891237.9818144
203,0,0,1,1,0,0,1,1,1,1,0,1,1,0,0,0,3,5,0,6,7,6,2,6,6,0,3,4,0,0,0,101988088.03595176,0.0,257957265.08829707,0.0,96831107.04896954,0.0,22565977.761255845,0.0008342427120216493,52567720.38798816,0.022722737431531262,893000000.0,0.0,0.02355698014355291,531910158.3224624
204,0,0,1,0,0,0,0,1,0,0,0,1,0,1,0,1,0,1,7,4,1,7,5,7,1,7,6,1,0,0,1,103162272.08375776,0.0,183832796.85585862,0.0,99660374.75735056,0.0,39968553.87035376,0.0,153291214.23708308,0.020076188898871097,492600000.0,1853.933952208887,0.020076188898871097,579915211.8044038
205,1,0,1,1,0,1,0,1,0,1,0,0,0,0,0,0,4,6,6,9,0,0,1,2,8,1,0,2,0,4,3,202263567.88781607,0.0,89992006.20155807,0.0,108722644.50949205,0.02077050246312473,21354303.267392475,0.0019506892095950087,111041194.81300384,0.018434267112913124,756700000.0,0.0,0.04115545878563286,533373716.6792625
206,1,0,0,1,0,1,1,1,1,1,1,0,0,1,1,0,8,4,6,6,4,6,3,0,0,4,5,8,0,6,0,229772934.9810331,0.0,223741262.2077194,0.0,24198032.45136138,0.0,44153226.07626312,0.0,65553355.82596499,0.010933005713113878,1366900000.0,0.0,0.010933005713113878,587418811.542342
207,1,1,0,1,0,1,0,1,0,1,1,1,1,1,1,2,8,8,1,2,2,0,1,4,4,4,7,0,7,3,8,232098499.0699267,0.0,91802629.57587072,0.00022026352971128338,81082100.08376612,0.0002861636543515562,26008389.578208447,0.0,150410253.2024235,0.0,1767400000.0,103.6747609592079,0.0005064271840628396,581401871.5101955
208,1,0,1,0,0,0,0,0,1,0,0,0,0,0,0,0,2,2,3,6,7,9,4,1,7,7,0,1,10,0,2,125475141.84558643,0.0,295020999.94654614,0.0,90104663.39403158,0.0,22258486.725668453,0.0,96767921.20487039,0.0,199900000.0,0.0,0.0,629627213.1167029
209,1,0,1,1,1,1,0,0,1,1,0,1,1,1,0,1,4,4,7,4,0,0,3,7,7,3,3,4,0,7,1,191731460.2888721,0.0,53358573.6002109,0.0,109936542.7317845,0.0,29664045.303329118,0.0,101149323.22139096,0.003935882056720996,1607900000.0,367.06326903471546,0.003935882056720996,485839945.14558756
210,0,0,0,0,0,1,0,1,1,0,0,0,1,0,0,3,5,3,5,1,1,0,6,3,7,3,4,3,0,0,1,174617949.37465692,0.0,96980919.82831815,0.0010566665903585478,107306943.94900325,0.0,29871759.256855987,0.0,326362517.06635463,0.015698840204602417,535300000.0,9485.908048424044,0.016755506794960965,735140089.475189
211,1,1,0,1,0,1,0,0,0,1,1,0,0,0,1,3,0,0,0,4,1,2,1,3,4,4,7,7,1,3,8,0.0,0.0,147756738.11197522,0.0,100029778.2261961,0.002537777534138784,46647219.34132797,0.0,111861095.93045461,0.0,1103300000.0,508.13100362744234,0.002537777534138784,406294831.6099539
212,0,0,1,0,0,1,0,0,0,1,0,0,0,0,1,0,0,3,6,1,7,6,2,0,1,6,1,6,3,2,5,109448217.91765803,0.0,213529343.8939247,0.0060859270737460515,89391229.1512027,0.039477997855068954,36242968.75925505,0.0,104240759.06493892,0.0,679700000.0,0.0,0.045563924928815,552852518.7869794
213,0,0,0,0,0,1,1,1,0,0,0,0,0,0,0,0,3,2,7,3,5,7,4,1,4,3,8,5,0,2,5,164101945.90149587,0.0,209479019.1384942,0.0,80856249.44564922,0.0,42694614.09109168,0.00011535363576741395,217646053.79565898,0.06578185466204528,279200000.0,0.0,0.06589720829781269,714777882.3723899
214,0,0,0,0,0,0,1,1,1,0,0,0,0,0,0,0,1,7,1,4,0,3,0,4,1,6,8,8,2,3,5,192766898.41456887,0.01600283949189112,108083458.32956028,0.0,55484865.40995124,0.004916043094584587,58077924.27520206,0.0,133111315.95499086,0.01298767149637194,92100000.0,0.0,0.03390655408284765,547524462.3842733
215,1,0,1,0,0,0,0,0,0,0,1,0,1,0,0,0,4,6,7,0,1,6,6,3,2,0,1,0,1,7,6,212649028.4929304,0.0,153249228.92679614,0.021283346577752434,90996995.1258429,0.0,12486795.181842718,0.0015572734349742433,123434666.40105549,0.0,546500000.0,0.0,0.022840620012726676,592816714.1284677
216,1,0,0,0,0,0,0,0,1,0,0,0,0,0,0,4,5,0,6,7,2,3,1,1,7,4,4,6,0,5,10,125797238.44921103,0.0,192223742.738094,0.0,126737088.72381118,0.005045343575901688,37253086.20845067,0.0,215300237.56301427,0.005700051025132559,115300000.0,5020.62613482938,0.010745394601034247,697311393.6825812
217,0,1,0,1,1,0,0,0,1,0,0,1,0,1,0,0,1,2,1,0,2,7,0,7,2,1,6,7,2,0,1,107385518.6904647,0.0,167331269.85767362,0.020752255294182828,64463079.50635552,0.0018338129028124168,37380645.04128443,0.0,57462664.80173309,0.0013690176252210793,928200000.0,0.0,0.023955085822216324,434023177.89751136
218,0,0,1,0,0,0,1,0,0,0,0,0,1,0,1,0,0,0,7,6,4,7,1,4,7,4,0,1,1,3,7,68139002.95605196,0.0,233914942.25202954,0.0,112427342.48775369,0.02089638368135755,16925244.491970196,0.0,183215065.0013061,0.033188258324614896,627500000.0,0.0,0.05408464200597245,614621597.1891115
219,1,1,1,0,1,1,0,0,0,0,0,1,1,1,0,0,7,6,7,1,6,0,1,3,7,0,0,8,0,7,7,250418129.4142797,0.0,119597583.25756565,0.0060859270737460515,105193257.80306567,0.017892214745229347,21912353.230055865,0.0014051510359750106,136802224.0936209,0.015731940627247993,1322800000.0,0.0,0.04111523348219841,633923547.7985878
220,0,0,1,0,0,1,0,1,1,1,0,0,1,0,0,0,1,3,0,5,1,0,6,0,0,7,7,6,0,0,10,76431543.68310125,0.0,104651657.86617124,0.0,31398797.71871161,0.0,52451265.1014088,0.0,156339536.3622701,0.04259045366191454,741100000.0,0.0,0.04259045366191454,421272800.731663
221,1,1,0,1,0,0,1,0,1,0,0,0,0,0,0,0,4,3,2,1,7,2,6,0,6,0,3,2,3,2,4,143356957.13390714,0.0,182877693.8168675,0.00585435765539978,69810785.89520885,0.0,31332354.14482471,0.003597279285697606,100337589.58996016,0.0,448400000.0,0.0,0.009451636941097385,527715380.58076835
222,1,0,0,0,1,1,0,1,1,0,1,1,0,1,1,2,7,7,9,1,2,7,1,3,0,0,6,9,0,2,5,290822926.9971596,0.0,176275163.61304665,0.0008607859419339974,45324187.55237766,0.0,35541365.3655659,2.5863855229694666e-05,68812631.52680641,0.0001285089007955256,1336200000.0,331.8456899695764,0.0010151586979592177,616776275.0549562
223,1,0,1,0,0,0,0,0,0,1,1,0,0,0,0,0,2,2,7,0,5,9,4,3,0,7,7,5,8,7,7,155040808.56785768,0.0,199341731.72457722,0.015042875345165112,54082305.45306664,0.0,50022004.30424159,0.0,179441025.37415805,0.0,411600000.0,0.0,0.015042875345165112,637927875.4239012
224,0,0,0,0,0,0,0,0,1,0,0,1,0,0,0,0,4,3,2,6,1,1,1,1,7,0,2,6,1,1,8,143356957.13390714,0.0,161218867.4218822,0.0,104436873.67851147,0.02274285086158954,33391823.278592072,0.003129192816373297,132203766.66737378,0.01287376930482795,151900000.0,0.0,0.03874581298279079,574608288.1802666
225,1,1,0,0,0,0,0,0,1,0,0,0,0,0,0,0,3,2,2,1,4,0,1,6,5,9,0,9,0,6,6,127568368.5380355,0.0,106379292.24185556,0.005999088541866198,111327028.9675753,0.019026428972839092,42694877.954259455,0.0,196441023.98474997,0.04622505280232046,199900000.0,0.0,0.07125057031702575,584410591.6864758
226,0,1,0,0,0,1,1,1,0,0,0,0,0,0,0,0,1,5,7,5,7,6,0,0,2,0,7,7,8,4,4,171870126.99832004,0.0,244981143.34573078,0.0,70112789.10015118,0.040659836398619705,46668591.370898575,0.003481925649930192,142086500.92877737,0.0,363800000.0,0.0,0.044141762048549894,675719151.7438779
227,1,0,1,0,0,0,0,0,0,0,1,0,0,0,1,0,0,1,0,2,6,4,2,6,9,7,5,4,2,4,6,32694901.094161935,0.0,196318819.52739307,0.0060859270737460515,133549387.28213598,0.02139990855428884,42775327.947975025,0.0,112544510.61782427,0.0,546500000.0,0.0,0.02748583562803489,517882946.4694903
